visual parameter label,visual parameter value,xticks,yticks,preserved 0,preserved 1,preserved 2,preserved 3,gw_param_keys 0,gw_param_values 0,label 0,x,y_lower,y_upper,bgra,gw_param_keys 1,gw_param_values 1,label 1,x,y,bgra,gw_param_keys 2,gw_param_values 2,label 2,x,y_lower,y_upper,bgra,gw_param_keys 3,gw_param_values 3,label 3,x,y,bgra,gw_param_keys 4,gw_param_values 4,label 4,x,y_lower,y_upper,bgra,gw_param_keys 5,gw_param_values 5,label 5,x,y,bgra,gw_param_keys 6,gw_param_values 6,label 6,x,y_lower,y_upper,bgra,gw_param_keys 7,gw_param_values 7,label 7,x,y,bgra,gw_param_keys 8,gw_param_values 8,label 8,x,y_lower,y_upper,bgra,gw_param_keys 9,gw_param_values 9,label 9,x,y,bgra,gw_param_keys 10,gw_param_values 10,label 10,x,y_lower,y_upper,bgra,gw_param_keys 11,gw_param_values 11,label 11,x,y,bgra,gw_param_keys 12,gw_param_values 12,label 12,x,y_lower,y_upper,bgra,gw_param_keys 13,gw_param_values 13,label 13,x,y,bgra,gw_param_keys 14,gw_param_values 14,label 14,x,y_lower,y_upper,bgra,gw_param_keys 15,gw_param_values 15,label 15,x,y,bgra,gw_param_keys 16,gw_param_values 16,label 16,x,y_lower,y_upper,bgra,gw_param_keys 17,gw_param_values 17,label 17,x,y,bgra,gw_param_keys 18,gw_param_values 18,label 18,x,y_lower,y_upper,bgra,gw_param_keys 19,gw_param_values 19,label 19,x,y,bgra,gw_param_keys 20,gw_param_values 20,label 20,x,y_lower,y_upper,bgra,gw_param_keys 21,gw_param_values 21,label 21,x,y,bgra,gw_param_keys 22,gw_param_values 22,label 22,x,y_lower,y_upper,bgra,gw_param_keys 23,gw_param_values 23,label 23,x,y,bgra,gw_param_keys 24,gw_param_values 24,label 24,x,y_lower,y_upper,bgra,gw_param_keys 25,gw_param_values 25,label 25,x,y,bgra
xlabel,X-Axis Label,0,-2,NONE_STR,NONE_STR,NONE_STR,NONE_STR,plot_type,Line Plot,lines_x_many_y_filled_line,0.0,0.9117973827016168,0.872350509208296,0.0,plot_type,Line Plot,line_filled_line,0.0,1.0,0.0,plot_type,Line Plot,lines_x_many_y_filled_line,1.0,0.18707379778813868,0.1754261071733602,255.0,plot_type,Line Plot,line_filled_line,1.0,0.20189651799465538,255.0,plot_type,Line Plot,lines_x_many_y_filled_line,2.0,-0.012891012669728042,0.07017394751239427,128.0,plot_type,Line Plot,line_filled_line,2.0,0.001661557273173934,128.0,plot_type,Line Plot,lines_x_many_y_filled_line,3.0,0.2937059199772616,0.29003558329073215,192.0,plot_type,Line Plot,line_filled_line,3.0,0.4065696597405991,192.0,plot_type,Line Plot,lines_x_many_y_filled_line,4.0,1.3068491739879526,0.9953309623850572,20.0,plot_type,Line Plot,line_filled_line,4.0,0.9048374180359595,20.0,plot_type,Line Plot,lines_x_many_y_filled_line,5.0,0.43349879949676823,0.6176123362475957,50.0,plot_type,Line Plot,line_filled_line,5.0,0.0820849986238988,50.0,plot_type,Line Plot,lines_x_many_y_filled_line,6.0,-0.22366432561504354,-0.07214070550137695,20.0,plot_type,Line Plot,line_filled_line,6.0,0.02732372244729256,20.0,plot_type,Line Plot,lines_x_many_y_filled_line,7.0,0.33819783031553186,0.7828472579204172,255.0,plot_type,Line Plot,line_filled_line,7.0,0.6703200460356393,255.0,plot_type,Line Plot,lines_x_many_y_filled_line,8.0,0.6157545174295382,1.0765355956546112,200.0,plot_type,Line Plot,line_filled_line,8.0,0.6703200460356393,200.0,plot_type,Line Plot,lines_x_many_y_filled_line,9.0,-0.24021520329996696,0.0615497780052562,200.0,plot_type,Line Plot,line_filled_line,9.0,0.0003035391380788668,200.0,plot_type,Line Plot,lines_x_many_y_filled_line,10.0,-0.049230821280728546,0.34419174414744397,100.0,plot_type,Line Plot,line_filled_line,10.0,0.0820849986238988,100.0,plot_type,Line Plot,lines_x_many_y_filled_line,11.0,0.5737296603193578,1.3539600398573528,50.0,plot_type,Line Plot,line_filled_line,11.0,0.9048374180359595,50.0,plot_type,Line Plot,lines_x_many_y_filled_line,12.0,-0.4554739781708881,-0.724551862757635,0.0,plot_type,Line Plot,line_filled_line,12.0,5.573903692694596e-07,0.0
xrot,0,10,-1,NONE_STR,NONE_STR,NONE_STR,NONE_STR,plot_style_type,Multiple Straight Lines,NONE_STR,0.5263157894736842,0.9526714583336793,1.0053602485240585,0.0,plot_style_type,Simple Straight Line,NONE_STR,0.5263157894736842,0.9726793187520405,0.0,plot_style_type,Multiple Straight Lines,NONE_STR,1.526315789473684,0.2638497989450467,0.293495975862325,255.0,plot_style_type,Simple Straight Line,NONE_STR,1.526315789473684,0.29919845416799407,255.0,plot_style_type,Multiple Straight Lines,NONE_STR,2.526315789473684,0.1320709519796328,0.079325522870983,128.0,plot_style_type,Simple Straight Line,NONE_STR,2.526315789473684,0.003751514822623903,128.0,plot_style_type,Multiple Straight Lines,NONE_STR,3.526315789473684,0.597573249368222,0.6469413791002481,128.0,plot_style_type,Simple Straight Line,NONE_STR,3.526315789473684,0.28837593946357193,128.0,plot_style_type,Multiple Straight Lines,NONE_STR,4.526315789473684,0.6776794431960481,1.6789982894600093,180.0,plot_style_type,Simple Straight Line,NONE_STR,4.526315789473684,0.9778121792665443,180.0,plot_style_type,Multiple Straight Lines,NONE_STR,5.526315789473684,-0.06319827627107918,0.4966763659247983,70.0,plot_style_type,Simple Straight Line,NONE_STR,5.526315789473684,0.1351479679956208,70.0,plot_style_type,Multiple Straight Lines,NONE_STR,6.526315789473684,0.36569380718513356,0.03450056736592089,160.0,plot_style_type,Simple Straight Line,NONE_STR,6.526315789473684,0.01413247726112932,160.0,plot_style_type,Multiple Straight Lines,NONE_STR,7.526315789473684,-0.543151627065217,0.1252940253534292,50.0,plot_style_type,Simple Straight Line,NONE_STR,7.526315789473684,0.5282280652289215,50.0,plot_style_type,Multiple Straight Lines,NONE_STR,8.526315789473685,1.157228316743459,1.5414272210017521,150.0,plot_style_type,Simple Straight Line,NONE_STR,8.526315789473685,0.8047895090184684,150.0,plot_style_type,Multiple Straight Lines,NONE_STR,9.526315789473685,0.08879479498586867,-0.41157581598510184,200.0,plot_style_type,Simple Straight Line,NONE_STR,9.526315789473685,0.00011448471331172139,200.0,plot_style_type,Multiple Straight Lines,NONE_STR,10.526315789473685,-0.002768747201898618,0.523474612193116,0.0,plot_style_type,Simple Straight Line,NONE_STR,10.526315789473685,0.04716908308011929,0.0,plot_style_type,Multiple Straight Lines,NONE_STR,11.526315789473685,-0.0137759380205692,1.2632869228001673,94.0,plot_style_type,Simple Straight Line,NONE_STR,11.526315789473685,0.7921821003439233,94.0,plot_style_type,Multiple Straight Lines,NONE_STR,12.526315789473685,-1.0262339021460503,-0.18679691190033215,0.0,plot_style_type,Simple Straight Line,NONE_STR,12.526315789473685,1.533015828777147e-07,0.0
xmm,40,20,0,NONE_STR,NONE_STR,NONE_STR,NONE_STR,plot_data_type,X Many Y,NONE_STR,1.0526315789473684,0.8461778799177634,0.9383365890660257,0.0,plot_data_type,XY Pair,NONE_STR,1.0526315789473684,0.8951147791230504,0.0,plot_data_type,X Many Y,NONE_STR,2.052631578947368,0.5282223431717968,0.22604902978818123,255.0,plot_data_type,XY Pair,NONE_STR,2.052631578947368,0.4194973538581593,255.0,plot_data_type,X Many Y,NONE_STR,3.052631578947368,0.2597525436375848,0.06336960301399898,128.0,plot_data_type,XY Pair,NONE_STR,3.052631578947368,0.008013779369476889,128.0,plot_data_type,X Many Y,NONE_STR,4.052631578947368,0.13299495944378076,0.2731197087584812,0.0,plot_data_type,XY Pair,NONE_STR,4.052631578947368,0.19351847917336498,0.0,plot_data_type,X Many Y,NONE_STR,5.052631578947368,0.6478361810904192,0.8847890240178493,20.0,plot_data_type,XY Pair,NONE_STR,5.052631578947368,0.9997230300530102,20.0,plot_data_type,X Many Y,NONE_STR,6.052631578947368,0.6953265433954107,0.6109090888253337,255.0,plot_data_type,XY Pair,NONE_STR,6.052631578947368,0.21052060489729085,255.0,plot_data_type,X Many Y,NONE_STR,7.052631578947368,-0.10731629250580584,0.13940224680064595,230.0,plot_data_type,XY Pair,NONE_STR,7.052631578947368,0.0069156991074620505,230.0,plot_data_type,X Many Y,NONE_STR,8.052631578947368,-0.5208540181685226,0.7715164004796373,200.0,plot_data_type,XY Pair,NONE_STR,8.052631578947368,0.39382211528632566,200.0,plot_data_type,X Many Y,NONE_STR,9.052631578947368,0.6207118513038392,1.158541503919641,255.0,plot_data_type,XY Pair,NONE_STR,9.052631578947368,0.9141590635559127,255.0,plot_data_type,X Many Y,NONE_STR,10.052631578947368,-0.9060244074122852,-0.12720777404961167,20.0,plot_data_type,XY Pair,NONE_STR,10.052631578947368,4.085259693555967e-05,20.0,plot_data_type,X Many Y,NONE_STR,11.052631578947368,0.2343672117749636,-0.10007298521364773,0.0,plot_data_type,XY Pair,NONE_STR,11.052631578947368,0.02564427566961024,0.0,plot_data_type,X Many Y,NONE_STR,12.052631578947368,0.20333331915093833,0.4257583342394212,228.0,plot_data_type,XY Pair,NONE_STR,12.052631578947368,0.6561737647074352,228.0,plot_data_type,X Many Y,NONE_STR,13.052631578947368,-0.3135054668140682,0.6246963096060042,128.0,plot_data_type,XY Pair,NONE_STR,13.052631578947368,3.989083999075156e-08,128.0
xscale,linear,,1,NONE_STR,NONE_STR,NONE_STR,NONE_STR,plot_columns_per_plot,ColumnsPerPlot,NONE_STR,1.5789473684210527,0.667295645627394,0.7422320545671448,0.5,plot_columns_per_plot,ColumnsPerPlot,NONE_STR,1.5789473684210527,0.7793403055874669,0.5,plot_columns_per_plot,ColumnsPerPlot,NONE_STR,2.5789473684210527,0.5317561949277368,0.40693871348142174,0.5,plot_columns_per_plot,ColumnsPerPlot,NONE_STR,2.5789473684210527,0.5564657895345909,0.5,plot_columns_per_plot,ColumnsPerPlot,NONE_STR,3.5789473684210527,0.22924347266693124,0.09666571125364112,0.5,plot_columns_per_plot,ColumnsPerPlot,NONE_STR,3.5789473684210527,0.016195988518036615,0.5,plot_columns_per_plot,ColumnsPerPlot,NONE_STR,4.578947368421053,0.18195807689144572,0.07608897548642188,0.5,plot_columns_per_plot,ColumnsPerPlot,NONE_STR,4.578947368421053,0.12286416293213981,0.5,plot_columns_per_plot,ColumnsPerPlot,NONE_STR,5.578947368421053,1.074995755569973,0.7486095628052227,0.5,plot_columns_per_plot,ColumnsPerPlot,NONE_STR,5.578947368421053,0.9670374990421141,0.5,plot_columns_per_plot,ColumnsPerPlot,NONE_STR,6.578947368421053,-0.27388720315556947,0.14238575953454327,0.5,plot_columns_per_plot,ColumnsPerPlot,NONE_STR,6.578947368421053,0.31025519489868525,0.5,plot_columns_per_plot,ColumnsPerPlot,NONE_STR,7.578947368421053,0.6782562312853482,0.10402530822720671,0.5,plot_columns_per_plot,ColumnsPerPlot,NONE_STR,7.578947368421053,0.003201792975228535,0.5,plot_columns_per_plot,ColumnsPerPlot,NONE_STR,8.578947368421053,0.15833497570455074,0.5428577237055354,0.5,plot_columns_per_plot,ColumnsPerPlot,NONE_STR,8.578947368421053,0.2777909499982107,0.5,plot_columns_per_plot,ColumnsPerPlot,NONE_STR,9.578947368421053,0.8101304748422067,0.933594739156192,0.5,plot_columns_per_plot,ColumnsPerPlot,NONE_STR,9.578947368421053,0.9824276939843385,0.5,plot_columns_per_plot,ColumnsPerPlot,NONE_STR,10.578947368421053,0.3700203297781073,0.7422448727270553,0.5,plot_columns_per_plot,ColumnsPerPlot,NONE_STR,10.578947368421053,1.3792125530675148e-05,0.5,plot_columns_per_plot,ColumnsPerPlot,NONE_STR,11.578947368421053,-0.42353045271715034,0.6305797373646421,0.5,plot_columns_per_plot,ColumnsPerPlot,NONE_STR,11.578947368421053,0.013190546929511734,0.5,plot_columns_per_plot,ColumnsPerPlot,NONE_STR,12.578947368421053,0.0028929478117001306,0.922252078507754,0.5,plot_columns_per_plot,ColumnsPerPlot,NONE_STR,12.578947368421053,0.5142236698092844,0.5,plot_columns_per_plot,ColumnsPerPlot,NONE_STR,13.578947368421053,-0.17700231270053543,0.5269804373584136,0.5,plot_columns_per_plot,ColumnsPerPlot,NONE_STR,13.578947368421053,9.820624092075881e-09,0.5
xmin,0,,,NONE_STR,NONE_STR,NONE_STR,NONE_STR,plot_plot_columns_count_array,PlotColumnCountArray,NONE_STR,2.1052631578947367,0.5485923630307313,0.7554579937376101,,plot_plot_columns_count_array,PlotColumnCountArray,NONE_STR,2.1052631578947367,0.6419702625382298,,plot_plot_columns_count_array,PlotColumnCountArray,NONE_STR,3.1052631578947367,0.7140564105503636,0.7029192179775577,,plot_plot_columns_count_array,PlotColumnCountArray,NONE_STR,3.1052631578947367,0.6983724167992631,,plot_plot_columns_count_array,PlotColumnCountArray,NONE_STR,4.105263157894736,-0.02631531889244558,-0.002147459864054971,,plot_plot_columns_count_array,PlotColumnCountArray,NONE_STR,4.105263157894736,0.03096826700537275,,plot_plot_columns_count_array,PlotColumnCountArray,NONE_STR,5.105263157894736,0.09338488172383198,0.18271468853180278,,plot_plot_columns_count_array,PlotColumnCountArray,NONE_STR,5.105263157894736,0.07380187131423495,,plot_plot_columns_count_array,PlotColumnCountArray,NONE_STR,6.105263157894736,1.0000540337791877,0.7134747517883615,,plot_plot_columns_count_array,PlotColumnCountArray,NONE_STR,6.105263157894736,0.8850061677230147,,plot_plot_columns_count_array,PlotColumnCountArray,NONE_STR,7.105263157894736,0.455453966510191,-0.12374950784400524,,plot_plot_columns_count_array,PlotColumnCountArray,NONE_STR,7.105263157894736,0.43259637783763777,,plot_plot_columns_count_array,PlotColumnCountArray,NONE_STR,8.105263157894736,0.14020808747221042,0.011556477796009358,,plot_plot_columns_count_array,PlotColumnCountArray,NONE_STR,8.105263157894736,0.0014024576937976157,,plot_plot_columns_count_array,PlotColumnCountArray,NONE_STR,9.105263157894736,0.4022141769561567,-0.26615335152204,,plot_plot_columns_count_array,PlotColumnCountArray,NONE_STR,9.105263157894736,0.18538536626838767,,plot_plot_columns_count_array,PlotColumnCountArray,NONE_STR,10.105263157894736,0.5522077503360352,1.5759312561038699,,plot_plot_columns_count_array,PlotColumnCountArray,NONE_STR,10.105263157894736,0.9988925804011681,,plot_plot_columns_count_array,PlotColumnCountArray,NONE_STR,11.105263157894736,-0.33382634938854877,-0.566361064269887,,plot_plot_columns_count_array,PlotColumnCountArray,NONE_STR,11.105263157894736,4.405367030933301e-06,,plot_plot_columns_count_array,PlotColumnCountArray,NONE_STR,12.105263157894736,0.29892544431957696,-0.2371031053816995,,plot_plot_columns_count_array,PlotColumnCountArray,NONE_STR,12.105263157894736,0.006419105801133494,,plot_plot_columns_count_array,PlotColumnCountArray,NONE_STR,13.105263157894736,0.38221489924981217,0.3363089084190167,,plot_plot_columns_count_array,PlotColumnCountArray,NONE_STR,13.105263157894736,0.3812629715209348,,plot_plot_columns_count_array,PlotColumnCountArray,NONE_STR,14.105263157894736,-0.22394971580555234,-0.29882029237160845,,plot_plot_columns_count_array,PlotColumnCountArray,NONE_STR,14.105263157894736,2.287411803552387e-09,
xmax,22.55,,,NONE_STR,NONE_STR,NONE_STR,NONE_STR,plot_data_source,Worksheet Columns,NONE_STR,2.631578947368421,0.5491771945784308,0.42759501685467205,,plot_data_source,Worksheet Columns,NONE_STR,2.631578947368421,0.5003133005846103,,plot_data_source,Worksheet Columns,NONE_STR,3.631578947368421,0.7855214457331,1.061919529201449,,plot_data_source,Worksheet Columns,NONE_STR,3.631578947368421,0.8292300844955302,,plot_data_source,Worksheet Columns,NONE_STR,4.631578947368421,-0.25617125127200524,-0.04773394195570972,,plot_data_source,Worksheet Columns,NONE_STR,4.631578947368421,0.05602291587858768,,plot_data_source,Worksheet Columns,NONE_STR,5.631578947368421,0.19490883610174103,0.26821340611016564,,plot_data_source,Worksheet Columns,NONE_STR,5.631578947368421,0.041941975817461404,,plot_data_source,Worksheet Columns,NONE_STR,6.631578947368421,0.6159711827490327,1.296544750915288,,plot_data_source,Worksheet Columns,NONE_STR,6.631578947368421,0.7662820341969077,,plot_data_source,Worksheet Columns,NONE_STR,7.631578947368421,0.6218215599115458,0.8270272871957906,,plot_data_source,Worksheet Columns,NONE_STR,7.631578947368421,0.5706713362763165,,plot_data_source,Worksheet Columns,NONE_STR,8.631578947368421,0.11427001734128761,-0.03984201011784144,,plot_data_source,Worksheet Columns,NONE_STR,8.631578947368421,0.0005812000661421747,,plot_data_source,Worksheet Columns,NONE_STR,9.631578947368421,0.5992776367442542,-0.39373963154077096,,plot_data_source,Worksheet Columns,NONE_STR,9.631578947368421,0.11705020255222486,,plot_data_source,Worksheet Columns,NONE_STR,10.631578947368421,1.2363660476497627,1.0442440520182883,,plot_data_source,Worksheet Columns,NONE_STR,10.631578947368421,0.9608959037141459,,plot_data_source,Worksheet Columns,NONE_STR,11.631578947368421,0.7210283532792635,-0.4037573272597072,,plot_data_source,Worksheet Columns,NONE_STR,11.631578947368421,1.331289041611719e-06,,plot_data_source,Worksheet Columns,NONE_STR,12.631578947368421,0.03974290903465589,-0.5901115852330407,,plot_data_source,Worksheet Columns,NONE_STR,12.631578947368421,0.0029554636910430004,,plot_data_source,Worksheet Columns,NONE_STR,13.631578947368421,0.5036543399922897,1.3481448939275054,,plot_data_source,Worksheet Columns,NONE_STR,13.631578947368421,0.2674462773647325,,plot_data_source,Worksheet Columns,NONE_STR,14.631578947368421,1.1578771225509168,-0.1277605454576812,,plot_data_source,Worksheet Columns,NONE_STR,14.631578947368421,5.040678422346795e-10,
ylabel,Y-Axis Label,,,NONE_STR,NONE_STR,NONE_STR,NONE_STR,plot_polarunits,NONE_STR,NONE_STR,3.1578947368421053,0.32139548965884124,0.37118783640019304,,plot_polarunits,NONE_STR,NONE_STR,3.1578947368421053,0.3688999105351207,,plot_polarunits,NONE_STR,NONE_STR,4.157894736842105,1.0161640309169715,0.9786434618138837,,plot_polarunits,NONE_STR,NONE_STR,4.157894736842105,0.9315418825943247,,plot_polarunits,NONE_STR,NONE_STR,5.157894736842105,-0.07655946185372439,0.10121061533905606,,plot_polarunits,NONE_STR,NONE_STR,5.157894736842105,0.09588570804684485,,plot_polarunits,NONE_STR,NONE_STR,6.157894736842105,-0.1963510668181251,-0.03715692912273453,,plot_polarunits,NONE_STR,NONE_STR,6.157894736842105,0.022551205420608837,,plot_polarunits,NONE_STR,NONE_STR,7.157894736842105,0.8595055738099502,0.7584754877005676,,plot_polarunits,NONE_STR,NONE_STR,7.157894736842105,0.6277263414368219,,plot_polarunits,NONE_STR,NONE_STR,8.157894736842106,0.0834562215888821,0.30005889105173195,,plot_polarunits,NONE_STR,NONE_STR,8.157894736842106,0.7122436792001213,,plot_polarunits,NONE_STR,NONE_STR,9.157894736842106,0.1797372348920608,-0.4543480413924356,,plot_polarunits,NONE_STR,NONE_STR,9.157894736842106,0.00022787721583478093,,plot_polarunits,NONE_STR,NONE_STR,10.157894736842106,0.13628830885429008,0.20122136640551902,,plot_polarunits,NONE_STR,NONE_STR,10.157894736842106,0.06992110026981235,,plot_polarunits,NONE_STR,NONE_STR,11.157894736842106,1.6052129331425427,0.7651321587040495,,plot_polarunits,NONE_STR,NONE_STR,11.157894736842106,0.8745270770054638,,plot_polarunits,NONE_STR,NONE_STR,12.157894736842106,-1.2260458624497703,0.1681256700259627,,plot_polarunits,NONE_STR,NONE_STR,12.157894736842106,3.8062909374625904e-07,,plot_polarunits,NONE_STR,NONE_STR,13.157894736842106,-0.7852020879252443,0.2618702349580531,,plot_polarunits,NONE_STR,NONE_STR,13.157894736842106,0.0012874076531086975,,plot_polarunits,NONE_STR,NONE_STR,14.157894736842106,0.4177669353084981,0.30815846680368725,,plot_polarunits,NONE_STR,NONE_STR,14.157894736842106,0.17749570558158123,,plot_polarunits,NONE_STR,NONE_STR,15.157894736842106,-0.09845791782129289,1.03966988180142,,plot_polarunits,NONE_STR,NONE_STR,15.157894736842106,1.0509280643780872e-10,
yrot,0,,,NONE_STR,NONE_STR,NONE_STR,NONE_STR,plot_anguleunits,Degrees,NONE_STR,3.6842105263157894,0.2649120785103429,0.2479850255941663,,plot_anguleunits,Degrees,NONE_STR,3.6842105263157894,0.257344218095458,,plot_anguleunits,Degrees,NONE_STR,4.684210526315789,0.7734227064399503,0.8947231999685437,,plot_anguleunits,Degrees,NONE_STR,4.684210526315789,0.9900772593321729,,plot_anguleunits,Degrees,NONE_STR,5.684210526315789,-0.11771567630566698,0.11801572206223052,,plot_anguleunits,Degrees,NONE_STR,5.684210526315789,0.1552678050990302,,plot_anguleunits,Degrees,NONE_STR,6.684210526315789,-0.08076468548021651,0.19675857084863185,,plot_anguleunits,Degrees,NONE_STR,6.684210526315789,0.011471758621492842,,plot_anguleunits,Degrees,NONE_STR,7.684210526315789,0.5636796687069108,0.6387713645082123,,plot_anguleunits,Degrees,NONE_STR,7.684210526315789,0.4865096145014488,,plot_anguleunits,Degrees,NONE_STR,8.68421052631579,1.1683360962180735,0.7950996780479804,,plot_anguleunits,Degrees,NONE_STR,8.68421052631579,0.8410281109817392,,plot_anguleunits,Degrees,NONE_STR,9.68421052631579,-0.20130644556116586,0.014212629349747681,,plot_anguleunits,Degrees,NONE_STR,9.68421052631579,8.453090491733402e-05,,plot_anguleunits,Degrees,NONE_STR,10.68421052631579,-0.5055560300480154,0.1997740861267663,,plot_anguleunits,Degrees,NONE_STR,10.68421052631579,0.03951697586172375,,plot_anguleunits,Degrees,NONE_STR,11.68421052631579,-0.17951354001044517,0.5934623407485426,,plot_anguleunits,Degrees,NONE_STR,11.68421052631579,0.7530252571632544,,plot_anguleunits,Degrees,NONE_STR,12.68421052631579,0.40938025302233755,-0.13419144174772882,,plot_anguleunits,Degrees,NONE_STR,12.68421052631579,1.0296057720243205e-07,,plot_anguleunits,Degrees,NONE_STR,13.68421052631579,-0.7446830103346467,0.0023814500314335886,,plot_anguleunits,Degrees,NONE_STR,13.68421052631579,0.0005305739321155165,,plot_anguleunits,Degrees,NONE_STR,14.68421052631579,0.5997893302043136,0.06227028529297094,,plot_anguleunits,Degrees,NONE_STR,14.68421052631579,0.11144959807474411,,plot_anguleunits,Degrees,NONE_STR,15.68421052631579,0.529380453831946,0.8720143703118001,,plot_anguleunits,Degrees,NONE_STR,15.68421052631579,2.072985916295954e-11,
ymm,28.0,,,NONE_STR,NONE_STR,NONE_STR,NONE_STR,plot_min_angle_row,0,NONE_STR,4.2105263157894735,0.1750086324381674,0.2464866505664124,,plot_min_angle_row,0,NONE_STR,4.2105263157894735,0.1698476898484895,,plot_min_angle_row,0,NONE_STR,5.2105263157894735,0.962149508176758,0.9784292918652457,,plot_min_angle_row,0,NONE_STR,5.2105263157894735,0.9955776744427228,,plot_min_angle_row,0,NONE_STR,6.2105263157894735,0.23195275704633678,0.0019340597267304693,,plot_min_angle_row,0,NONE_STR,6.2105263157894735,0.23787473192297423,,plot_min_angle_row,0,NONE_STR,7.2105263157894735,0.23009437103161431,-0.37251687512795123,,plot_min_angle_row,0,NONE_STR,7.2105263157894735,0.0055211507287306946,,plot_min_angle_row,0,NONE_STR,8.210526315789473,0.12209019957091605,0.21338296520426206,,plot_min_angle_row,0,NONE_STR,8.210526315789473,0.3567400468807431,,plot_min_angle_row,0,NONE_STR,9.210526315789473,0.7757474187548389,0.8197167317067574,,plot_min_angle_row,0,NONE_STR,9.210526315789473,0.9395757176590244,,plot_min_angle_row,0,NONE_STR,10.210526315789473,-0.0905985185656401,-0.0514199048609778,,plot_min_angle_row,0,NONE_STR,10.210526315789473,2.966671746664372e-05,,plot_min_angle_row,0,NONE_STR,11.210526315789473,-0.30432712926482614,-0.11064883762068711,,plot_min_angle_row,0,NONE_STR,11.210526315789473,0.02112995214996088,,plot_min_angle_row,0,NONE_STR,12.210526315789473,0.7403834716200365,-0.22373955528429734,,plot_min_angle_row,0,NONE_STR,12.210526315789473,0.6134585015343659,,plot_min_angle_row,0,NONE_STR,13.210526315789473,0.06722201908932784,0.23995584247467255,,plot_min_angle_row,0,NONE_STR,13.210526315789473,2.6349921159400767e-08,,plot_min_angle_row,0,NONE_STR,14.210526315789473,0.25992213202976616,0.803432331248742,,plot_min_angle_row,0,NONE_STR,14.210526315789473,0.0002068783742514285,,plot_min_angle_row,0,NONE_STR,15.210526315789473,-0.3138939098618422,0.11914674819857082,,plot_min_angle_row,0,NONE_STR,15.210526315789473,0.06620770396255013,,plot_min_angle_row,0,NONE_STR,16.210526315789473,-0.07415130253196014,0.8625352117061942,,plot_min_angle_row,0,NONE_STR,16.210526315789473,3.8686467637352325e-12,
yscale,linear,,,NONE_STR,NONE_STR,NONE_STR,NONE_STR,plot_max_angle_row,360,NONE_STR,4.7368421052631575,0.08552827128897139,0.17952613488090424,,plot_max_angle_row,360,NONE_STR,4.7368421052631575,0.10605819638589001,,plot_max_angle_row,360,NONE_STR,5.7368421052631575,0.9849415578143131,0.9282045399169192,,plot_max_angle_row,360,NONE_STR,5.7368421052631575,0.9471539539796818,,plot_max_angle_row,360,NONE_STR,6.7368421052631575,0.2923084883198136,0.4876529443003843,,plot_max_angle_row,360,NONE_STR,6.7368421052631575,0.3447899304679392,,plot_max_angle_row,360,NONE_STR,7.7368421052631575,0.04599369620500405,-0.18187985827333217,,plot_max_angle_row,360,NONE_STR,7.7368421052631575,0.002514019087961372,,plot_max_angle_row,360,NONE_STR,8.736842105263158,0.4105970853836418,0.23037988784014365,,plot_max_angle_row,360,NONE_STR,8.736842105263158,0.247486587102601,,plot_max_angle_row,360,NONE_STR,9.736842105263158,0.9183032409729536,0.579296649452947,,plot_max_angle_row,360,NONE_STR,9.736842105263158,0.9930987162369368,,plot_max_angle_row,360,NONE_STR,10.736842105263158,-0.18374831920006637,0.2322301170248957,,plot_max_angle_row,360,NONE_STR,10.736842105263158,9.850603463419146e-06,,plot_max_angle_row,360,NONE_STR,11.736842105263158,0.25090778939942715,-0.463090938614013,,plot_max_angle_row,360,NONE_STR,11.736842105263158,0.010689384261125279,,plot_max_angle_row,360,NONE_STR,12.736842105263158,0.6889763202860034,0.26121232750067835,,plot_max_angle_row,360,NONE_STR,12.736842105263158,0.47282474793398244,,plot_max_angle_row,360,NONE_STR,13.736842105263158,1.1561230757666707,0.35968683331149603,,plot_max_angle_row,360,NONE_STR,13.736842105263158,6.3800933853599825e-09,,plot_max_angle_row,360,NONE_STR,14.736842105263158,0.4120746209260193,0.960710584633889,,plot_max_angle_row,360,NONE_STR,14.736842105263158,7.631741375300311e-05,,plot_max_angle_row,360,NONE_STR,15.736842105263158,0.7976482454160658,0.3812444918581096,,plot_max_angle_row,360,NONE_STR,15.736842105263158,0.037211562947768125,,plot_max_angle_row,360,NONE_STR,16.736842105263158,0.17154875945563836,1.1695111344341247,,plot_max_angle_row,360,NONE_STR,16.736842105263158,6.830636378620516e-13,
ymin,-1.5263593429580316,,,NONE_STR,NONE_STR,NONE_STR,NONE_STR,plot_unknown1,NONE_STR,NONE_STR,5.263157894736842,0.05545461903166083,0.07040416887455055,,plot_unknown1,NONE_STR,NONE_STR,5.263157894736842,0.06265679758970473,,plot_unknown1,NONE_STR,NONE_STR,6.263157894736842,0.7928828519776211,0.844314639149684,,plot_unknown1,NONE_STR,NONE_STR,6.263157894736842,0.8525215541330134,,plot_unknown1,NONE_STR,NONE_STR,7.263157894736842,0.6014016262931952,0.300459136918913,,plot_unknown1,NONE_STR,NONE_STR,7.263157894736842,0.47282474793398216,,plot_unknown1,NONE_STR,NONE_STR,8.263157894736842,-0.2504111707358954,0.13061697177558074,,plot_unknown1,NONE_STR,NONE_STR,8.263157894736842,0.0010830459977500281,,plot_unknown1,NONE_STR,NONE_STR,9.263157894736842,0.20485836441222716,0.24700082602378445,,plot_unknown1,NONE_STR,NONE_STR,9.263157894736842,0.16243919634931,,plot_unknown1,NONE_STR,NONE_STR,10.263157894736842,0.8115820427746738,1.5655991526207416,,plot_unknown1,NONE_STR,NONE_STR,10.263157894736842,0.9930987162369368,,plot_unknown1,NONE_STR,NONE_STR,11.263157894736842,0.3999211884803509,0.29617677052567715,,plot_unknown1,NONE_STR,NONE_STR,11.263157894736842,3.094536018919979e-06,,plot_unknown1,NONE_STR,NONE_STR,12.263157894736842,-0.44677435028786466,-0.09626292794109403,,plot_unknown1,NONE_STR,NONE_STR,12.263157894736842,0.005116184869374559,,plot_unknown1,NONE_STR,NONE_STR,13.263157894736842,0.324653265470504,0.7946588999171678,,plot_unknown1,NONE_STR,NONE_STR,13.263157894736842,0.3447899304679392,,plot_unknown1,NONE_STR,NONE_STR,14.263157894736842,0.653665235959005,-0.24467379788228,,plot_unknown1,NONE_STR,NONE_STR,14.263157894736842,1.4615514725363904e-09,,plot_unknown1,NONE_STR,NONE_STR,15.263157894736842,-0.02249297483533111,0.5698407422485174,,plot_unknown1,NONE_STR,NONE_STR,15.263157894736842,2.6636156526540495e-05,,plot_unknown1,NONE_STR,NONE_STR,16.263157894736842,-0.2971013612653669,0.2622925316757568,,plot_unknown1,NONE_STR,NONE_STR,16.263157894736842,0.01978730553602573,,plot_unknown1,NONE_STR,NONE_STR,17.263157894736842,-0.07692614601380739,-0.2885474715450997,,plot_unknown1,NONE_STR,NONE_STR,17.263157894736842,1.1410446004863704e-13,
ymax,1.7571777439092298,,,NONE_STR,NONE_STR,NONE_STR,NONE_STR,plot_group_style,NONE_STR,NONE_STR,5.789473684210526,-0.037692435684472454,0.05392936564378498,,plot_group_style,NONE_STR,NONE_STR,5.789473684210526,0.0350212396636763,,plot_group_style,NONE_STR,NONE_STR,6.789473684210526,0.5206524952047539,0.7204450475567813,,plot_group_style,NONE_STR,NONE_STR,6.789473684210526,0.7259881354485853,,plot_group_style,NONE_STR,NONE_STR,7.789473684210526,0.8477445391804508,0.4440933677625012,,plot_group_style,NONE_STR,NONE_STR,7.789473684210526,0.6134585015343654,,plot_group_style,NONE_STR,NONE_STR,8.789473684210526,0.011677864384123758,-0.5291754774768788,,plot_group_style,NONE_STR,NONE_STR,8.789473684210526,0.0004414327970612565,,plot_group_style,NONE_STR,NONE_STR,9.789473684210526,-0.3124036547847436,-0.01537270306447136,,plot_group_style,NONE_STR,NONE_STR,9.789473684210526,0.10087170499388193,,plot_group_style,NONE_STR,NONE_STR,10.789473684210526,1.2935359494844392,0.6611036728425834,,plot_group_style,NONE_STR,NONE_STR,10.789473684210526,0.9395757176590246,,plot_group_style,NONE_STR,NONE_STR,11.789473684210526,0.6654399192695598,0.08774409935986907,,plot_group_style,NONE_STR,NONE_STR,11.789473684210526,9.197453717305674e-07,,plot_group_style,NONE_STR,NONE_STR,12.789473684210526,0.10295740465283021,0.14218532110168025,,plot_group_style,NONE_STR,NONE_STR,12.789473684210526,0.0023167497910213824,,plot_group_style,NONE_STR,NONE_STR,13.789473684210526,0.33089116053187423,-0.24242831888173158,,plot_group_style,NONE_STR,NONE_STR,13.789473684210526,0.23787473192297445,,plot_group_style,NONE_STR,NONE_STR,14.789473684210526,-0.040399557544781646,-0.15177228365600298,,plot_group_style,NONE_STR,NONE_STR,14.789473684210526,3.167674569320077e-10,,plot_group_style,NONE_STR,NONE_STR,15.789473684210526,0.04924415954804875,0.06772475590657222,,plot_group_style,NONE_STR,NONE_STR,15.789473684210526,8.795465633236766e-06,,plot_group_style,NONE_STR,NONE_STR,16.789473684210527,-0.4051083813521518,-0.2325205817576477,,plot_group_style,NONE_STR,NONE_STR,16.789473684210527,0.009954851179907569,,plot_group_style,NONE_STR,NONE_STR,17.789473684210527,-0.3298368757417105,0.8407083986017352,,plot_group_style,NONE_STR,NONE_STR,17.789473684210527,1.8033641734904407e-14,
,,,,,,,,plot_use_automatic_legends,True,NONE_STR,6.315789473684211,-0.019532175497227137,-0.0258695766213831,,plot_use_automatic_legends,True,NONE_STR,6.315789473684211,0.01851971076012254,,plot_use_automatic_legends,True,NONE_STR,7.315789473684211,0.5889175962492295,0.7184379428659871,,plot_use_automatic_legends,True,NONE_STR,7.315789473684211,0.5849153818384062,,plot_use_automatic_legends,True,NONE_STR,8.31578947368421,0.5938102379690451,0.6385266606706423,,plot_use_automatic_legends,True,NONE_STR,8.31578947368421,0.7530252571632544,,plot_use_automatic_legends,True,NONE_STR,9.31578947368421,0.1581562632175231,-0.14832110685048303,,plot_use_automatic_legends,True,NONE_STR,9.31578947368421,0.0001702243386422107,,plot_use_automatic_legends,True,NONE_STR,10.31578947368421,-0.34840916274819916,-0.07216192826802445,,plot_use_automatic_legends,True,NONE_STR,10.31578947368421,0.059263494308682274,,plot_use_automatic_legends,True,NONE_STR,11.31578947368421,0.9325094846794809,1.3772691754290438,,plot_use_automatic_legends,True,NONE_STR,11.31578947368421,0.8410281109817392,,plot_use_automatic_legends,True,NONE_STR,12.31578947368421,-0.4047557363755993,0.48726294862080555,,plot_use_automatic_legends,True,NONE_STR,12.31578947368421,2.58630085876913e-07,,plot_use_automatic_legends,True,NONE_STR,13.31578947368421,-0.4085760797796617,0.0454841182571263,,plot_use_automatic_legends,True,NONE_STR,13.31578947368421,0.0009925477288242638,,plot_use_automatic_legends,True,NONE_STR,14.31578947368421,0.36781143815222783,0.48126771789041317,,plot_use_automatic_legends,True,NONE_STR,14.31578947368421,0.1552678050990302,,plot_use_automatic_legends,True,NONE_STR,15.31578947368421,0.6002773310355353,0.012114185753551547,,plot_use_automatic_legends,True,NONE_STR,15.31578947368421,6.495406941322053e-11,,plot_use_automatic_legends,True,NONE_STR,16.315789473684212,-0.03708099198957286,-0.7770535455302398,,plot_use_automatic_legends,True,NONE_STR,16.315789473684212,2.7478022674369204e-06,,plot_use_automatic_legends,True,NONE_STR,17.315789473684212,-0.13331051982261952,-0.022056520645002662,,plot_use_automatic_legends,True,NONE_STR,17.315789473684212,0.004738296659819637,,plot_use_automatic_legends,True,NONE_STR,18.315789473684212,0.4346815475665898,-0.7676772872577001,,plot_use_automatic_legends,True,NONE_STR,18.315789473684212,2.696519831976717e-15,
,,,,,,,,,,,6.842105263157895,0.0031819067916278162,-0.08977416579492711,,,,,6.842105263157895,0.009265657616269237,,,,,7.842105263157895,0.5035394272769018,0.4193227331647041,,,,,7.842105263157895,0.4458573448660048,,,,,8.842105263157894,0.6397714641085755,0.9829625338079726,,,,,8.842105263157894,0.8745270770054638,,,,,9.842105263157894,0.005696571938524456,0.05903569440721218,,,,,9.842105263157894,6.210378622305171e-05,,,,,10.842105263157894,0.09492034561627286,0.26165326403078654,,,,,10.842105263157894,0.032941586548868196,,,,,11.842105263157894,0.3969556315124608,0.7095973607464935,,,,,11.842105263157894,0.7122436792001213,,,,,12.842105263157894,0.31454758208841166,-0.1704434330636758,,,,,12.842105263157894,6.880655922334922e-08,,,,,13.842105263157894,-0.36404548096911454,0.5344587914038514,,,,,13.842105263157894,0.0004023120412332551,,,,,14.842105263157894,0.07296837036483363,-0.7142538839877333,,,,,14.842105263157894,0.09588570804684493,,,,,15.842105263157894,0.4355338446732383,-0.05793730224495493,,,,,15.842105263157894,1.2601189308053088e-11,,,,,16.842105263157894,-0.17730770177934746,-1.1090629198852047,,,,,16.842105263157894,8.121784894302118e-07,,,,,17.842105263157894,0.6903907733495934,-0.9418410310200969,,,,,17.842105263157894,0.0021337772865924073,,,,,18.842105263157894,-0.6912509457229701,-0.4419017875356875,,,,,18.842105263157894,3.814724370012182e-16,
,,,,,,,,,,,7.368421052631579,-0.017807272390706248,-0.013009718219742596,,,,,7.368421052631579,0.004385889246565036,,,,,8.368421052631579,0.3276359490609256,0.47940474430920205,,,,,8.368421052631579,0.3215423432204071,,,,,9.368421052631579,1.0319864224409336,1.3309545404060772,,,,,9.368421052631579,0.9608959037141459,,,,,10.368421052631579,0.15497754634341165,0.07752959315073604,,,,,10.368421052631579,2.1436499333133614e-05,,,,,11.368421052631579,-0.34541840672786867,0.2925442649582309,,,,,11.368421052631579,0.017323719098288726,,,,,12.368421052631579,0.6228929569376402,0.6282757134223246,,,,,12.368421052631579,0.5706713362763165,,,,,13.368421052631579,0.2272585119529394,0.09137172522326091,,,,,13.368421052631579,1.731888791448232e-08,,,,,14.368421052631579,-0.5439779859448399,0.561683296224827,,,,,14.368421052631579,0.00015428156173577536,,,,,15.368421052631579,0.14859961063876093,-0.632436534851057,,,,,15.368421052631579,0.05602291587858768,,,,,16.36842105263158,0.28978569079207817,0.2311944366993391,,,,,16.36842105263158,2.3128958180168298e-12,,,,,17.36842105263158,0.2638495143324799,-1.098576031743311,,,,,17.36842105263158,2.271207702251154e-07,,,,,18.36842105263158,1.1450327360916468,0.1994684923938111,,,,,18.36842105263158,0.0009091076068567284,,,,,19.36842105263158,-0.7839705998371874,-0.9581766089420162,,,,,19.36842105263158,5.1057797057556786e-17,
,,,,,,,,,,,7.894736842105263,-0.014719549247906385,0.00978161557600596,,,,,7.894736842105263,0.0019641671208069575,,,,,8.894736842105264,0.1196136737421644,0.33056390140304404,,,,,8.894736842105264,0.21939149275788486,,,,,9.894736842105264,1.0976940677084952,0.6846489267426206,,,,,9.894736842105264,0.9988925804011681,,,,,10.894736842105264,-0.28096526264559213,0.2700878133659688,,,,,10.894736842105264,7.000499279059527e-06,,,,,11.894736842105264,0.2871192238891754,0.019439806516569784,,,,,11.894736842105264,0.00861940163862734,,,,,12.894736842105264,0.2016199388885295,0.7327957446842951,,,,,12.894736842105264,0.43259637783763777,,,,,13.894736842105264,0.05402798842122282,-0.016983144187033544,,,,,13.894736842105264,4.124293142919315e-09,,,,,14.894736842105264,0.35399504929599557,0.6682371868974608,,,,,14.894736842105264,5.597632539330469e-05,,,,,15.894736842105264,-0.09393068818513035,-0.01243554073849977,,,,,15.894736842105264,0.03096826700537275,,,,,16.894736842105264,0.7445436593220073,0.2573716698458207,,,,,16.894736842105264,4.0164278478081785e-13,,,,,17.894736842105264,-0.866279569770959,-0.6204656282685117,,,,,17.894736842105264,6.008991442504419e-08,,,,,18.894736842105264,-0.4178690514851358,-0.1658305201784072,,,,,18.894736842105264,0.000366455175249368,,,,,19.894736842105264,-0.6285273734570221,-0.3818467836671878,,,,,19.894736842105264,6.465473643294279e-18,
,,,,,,,,,,,8.421052631578947,-0.07387173283678045,0.0623467548574859,,,,,8.421052631578947,0.000832220821099859,,,,,9.421052631578947,-0.035879193142889565,0.13931217685307307,,,,,9.421052631578947,0.14162527227642788,,,,,10.421052631578947,1.048708147029007,1.176970575812857,,,,,10.421052631578947,0.9824276939843385,,,,,11.421052631578947,0.23584763168110612,0.03989608283976907,,,,,11.421052631578947,2.1629353049101414e-06,,,,,12.421052631578947,0.20148972031648035,-0.3995399118099338,,,,,12.421052631578947,0.004057443367875678,,,,,13.421052631578947,0.18746541049998683,0.34846803051193437,,,,,13.421052631578947,0.31025519489868525,,,,,14.421052631578947,0.1133694417822148,0.9037771956703032,,,,,14.421052631578947,9.292197129597163e-10,,,,,15.421052631578947,0.5779155280882805,0.5458431717153669,,,,,15.421052631578947,1.9214722132618574e-05,,,,,16.421052631578945,-0.8215134057231828,-0.6636936715814243,,,,,16.421052631578945,0.01619598851803666,,,,,17.421052631578945,-0.36215543611376644,0.2072081668682155,,,,,17.421052631578945,6.598773660101917e-14,,,,,18.421052631578945,-0.042934435713820794,0.15208899838305434,,,,,18.421052631578945,1.5041310709840832e-08,,,,,19.421052631578945,0.18209147215732938,-0.8060697712603693,,,,,19.421052631578945,0.00013975449684038103,,,,,20.421052631578945,0.016410885177316027,-0.5145386594179057,,,,,20.421052631578945,7.746008734569397e-19,
,,,,,,,,,,,8.947368421052632,0.010591522436235465,0.060452601687165985,,,,,8.947368421052632,0.00033360924794542066,,,,,9.947368421052632,0.22028444780269243,0.16484572478111864,,,,,9.947368421052632,0.08649701023811285,,,,,10.947368421052632,0.9197179433136344,0.7391653952178692,,,,,10.947368421052632,0.9141590635559127,,,,,11.947368421052632,-0.20348258592805382,0.13266293407705249,,,,,11.947368421052632,6.322624760340063e-07,,,,,12.947368421052632,-0.06397681159146541,0.06150231603567745,,,,,12.947368421052632,0.0018070375595676414,,,,,13.947368421052632,0.04690510425979508,-0.3114603767003977,,,,,13.947368421052632,0.21052060489729085,,,,,14.947368421052632,0.9033150458795879,0.8744169159906586,,,,,14.947368421052632,1.9807363281364018e-10,,,,,15.947368421052632,0.16345099169545005,-0.027043972753162202,,,,,15.947368421052632,6.240267333297414e-06,,,,,16.94736842105263,0.49690405217484745,-0.12078422787797032,,,,,16.94736842105263,0.00801377936947691,,,,,17.94736842105263,1.0916926608835449,0.7034829073877572,,,,,17.94736842105263,1.025712997225219e-14,,,,,18.94736842105263,-0.16408189530847986,0.2828667486894693,,,,,18.94736842105263,3.562124903083407e-09,,,,,19.94736842105263,-0.830305973796523,0.7156058636691404,,,,,19.94736842105263,5.042548527783566e-05,,,,,20.94736842105263,0.36291613719596005,0.41568941242401525,,,,,20.94736842105263,8.780009442917795e-20,
,,,,,,,,,,,9.473684210526315,-0.015526859906828727,-0.01923981569468127,,,,,9.473684210526315,0.00012652517571634284,,,,,10.473684210526315,-0.02985056927540926,-0.06206600519127499,,,,,10.473684210526315,0.04998052328928211,,,,,11.473684210526315,0.7645884917029773,0.8085421206375726,,,,,11.473684210526315,0.8047895090184684,,,,,12.473684210526315,-0.11275655297679688,-0.1676224635342967,,,,,12.473684210526315,1.7486007078339765e-07,,,,,13.473684210526315,-0.25723730477860346,0.3104462802641677,,,,,13.473684210526315,0.0007614146982406479,,,,,14.473684210526315,0.24664993583676903,0.4935742731578591,,,,,14.473684210526315,0.13514796799562084,,,,,15.473684210526315,-0.10454034174147928,0.2577733054604022,,,,,15.473684210526315,3.994609064462457e-11,,,,,16.473684210526315,0.8220105060732951,0.5463162890398251,,,,,16.473684210526315,1.9173952448834797e-06,,,,,17.473684210526315,-0.059886582986866596,0.44132830994589906,,,,,17.473684210526315,0.0037515148226239096,,,,,18.473684210526315,-1.448179888508811,0.024996057864953444,,,,,18.473684210526315,1.5084393357892832e-15,,,,,19.473684210526315,0.8225949149619313,-0.6490656110166811,,,,,19.473684210526315,7.981269366828867e-10,,,,,20.473684210526315,0.26884494960546024,0.28611578008127525,,,,,20.473684210526315,1.7213680813296675e-05,,,,,21.473684210526315,1.1294251095442456,0.2011558666891749,,,,,21.473684210526315,9.415672569719269e-21,
,,,,,,,,,,,10.0,0.042750186894848725,-0.015069737599004294,,,,,10.0,4.5399929762484854e-05,,,,,11.0,0.203614578841526,0.0764889172011294,,,,,11.0,0.02732372244729256,,,,,12.0,1.0622744468814624,0.794767248126162,,,,,12.0,0.6703200460356393,,,,,13.0,0.07083492088594594,0.2869129563408979,,,,,13.0,4.5753387694458114e-08,,,,,14.0,0.23044750549484921,0.06664407969640507,,,,,14.0,0.0003035391380788668,,,,,15.0,-0.2882969193402814,-0.13164981993351477,,,,,15.0,0.0820849986238988,,,,,16.0,0.48941563714085506,-1.1532079955701264,,,,,16.0,7.62186519451289e-12,,,,,17.0,-0.1488464826848421,-0.30900215559102784,,,,,17.0,5.573903692694596e-07,,,,,18.0,-0.3447962204367705,0.12350418492509303,,,,,18.0,0.001661557273173934,,,,,19.0,-0.2915585288295228,-0.06898899699294045,,,,,19.0,2.0987910487930498e-16,,,,,20.0,0.18228729140713104,0.6956919441069844,,,,,20.0,1.6918979226151304e-10,,,,,21.0,-0.452380639721794,-0.1584752901374345,,,,,21.0,5.559513241650146e-06,,,,,22.0,0.7636901028411869,0.7919742993300077,,,,,22.0,9.553160535512446e-22,
